July-August 2026,,,,,
Botanical Name,Common Name,Pot Size,Current Height,Price,Approx. Qty
,,,,,
(Smaller Grades),,,,,
Carex Virgata,Pukio,1.4L,0.2m,$5.50,115
Cordyline Australis,Ti Kouka; Cabbage Tree,1.4L,0.5m,$7.00,525
Griselinia Littoralis,Kapuka; Native Broadleaf,1.4L,0.7m,$7.00,400
Kunzea Ericoides,Kanuka,1.4L,0.3m,$5.00,30
Leptospermum Scoparium,Manuka; Ti Tree,1.4L,0.5m,$7.00,50
Libertia Grandiflora,Mikoikoi; NZ Iris,1L,0.15m,$7.00,315
Melicytus Ramiflorus,Mahoe; Whiteywood,1.7L,0.7m,$7.00,50
Myoporum Laetum,Ngaio,1.4L,0.25m,$7.00,115
Parapolystichum Glabbelum,Smooth Shield Fern,1.4L,0.25m,$7.00,100
Phormium Tenax,Harakeke; NZ Flax,1.4L,0.8m,$6.50,110
Phormium Cookianum,Mountain Flax,1.4L,0.3m,$5.50,25
Pittosporum Eugenoides,Tarata; Lemonwood,1.4L,0.3m,$7.00,40
Pittosporum Tenuifolium,Kohuhu,1.4L,0.4m,$7.00,20
Plagianthus Regius,Manata; Ribbonwood,1.4L,0.6m,$7.00,10
,,,,,
(Larger Grades),,,,,
Beilshmiedia Tawa,Tawa,8L,1.9m,$50.00,25
Cordyline Australis,Cabbage Tree,10L,1.5m,$35.00,20
Dacrycarpus Dacrydioides,Kahikatea; White Pine,10L,1.8m,$50.00,76
Dacrydium Cupresinum,Rimu; Red Pine,10L,1.6m - 1.8m,$50.00,10
Fuchsia Excorticata,Kotukutuku; Tree Fuchsia,8L,1.7m,$25.00,45
Griselinia Littoralis,Kapuka,8L,0.6m,$17.00,40
Knightia Excelsa,Rewrewa; NZ Honeysuckle,8L,1.3m,$50.00,30
Nestegis Montana,Maire,10L,1.9m,$50.00,15
Phyllocladus Trichomanoides,Tanekaha,10L,1.5m,$50.00,10
Pittosporum Eugenoides,Tarata; Lemonwood,10L,1m,$30.00,60
Podocarpus Totara,Totara,10L,1.7m,$45.00,19
Prumnopitys Ferruginea,Miro; Brown Pine,10L,1.3m,$50.00,33
Pseudopanax Arboreus,Five Finger,5L,0.5m - 0.8m,$17.00,20
Pseudopanax Crassifolius,Horoeka; Lancewood,8L,1.5m - 1.7m,$45.00,20
Sophora Tetraptera,Kowhai,10L,1.7m,$35.00,10
Sophora Tetraptera,Kowhai,5L,1.1m,$17.00,40
,,,,,
(Available Late August 2026),,,,,
Dodonaea Viscosa,Ake Ake,1.4L,,,
Dodonaea Viscosa Purpurea,Purple Akeake,1.4L,,,
Olearia Cheesemanii,Akiraho; Golden Ake Ake,1.4L,,,
Olearia Paniculata,Tree Daisy,1.4L,,,
Plagianthusregius,Manata; Ribbonwood,1.4L,,,
